name,category,price,full_price,rating_value,rating_reviewCount,latitude,longitude,room_info,bed_info
Studio alto padrão no Umarizal,Apartamento ⋅ Belém,2754.91,30304.01,5.0,4,-1.43934132309331,-48.49121394567971,1 quarto,2 camas
Cobertura Privativa no Umarizal,Apartamento ⋅ Belém,667.76,7345.36,0.0,0,-1.44616,-48.48578,1 quarto,1 cama de casal
Apto um quarto com piscina perto do Bosque,Condomínio ⋅ Marco,1721.93,18941.23,4.87,62,-1.43216,-48.46253,1 quarto,2 camas
Bayview Deluxe Umarizal,Apartamento ⋅ Belém,3984.98,43834.78,5.0,20,-1.4401,-48.4915,1 quarto,1 cama
Excelente suíte em apto com preço US$ 120/dia,Lugar para ficar em Belém,758.36,8341.960000000001,0.0,0,-1.4297686825482252,-48.48847695249146,1 quarto,1 cama
Lindo apartamento localização perfeita COP30,Apartamento ⋅ Belém,1540.59,16946.489999999998,0.0,0,-1.43398864373412,-48.47584480457896,2 quartos,1 cama
apartamento confortável e moderno,Apartamento ⋅ Belém,4006.59,44072.490000000005,0.0,0,-1.4171,-48.4631,2 quartos,2 camas
Ap 2/4 na Doca em Prédio de Luxo,Apartamento ⋅ Belém,3402.35,37425.85,0.0,0,-1.4401,-48.4915,2 quartos,2 camas de casal
Cobertura duplex com jacuzzi COP 30,Apartamento ⋅ Belém,10035.15,110386.65,5.0,4,-1.4339763493438469,-48.45111369075643,3 quartos,3 camas
Flat moderno e aconchegante,Loft ⋅ Belém,2602.61,28628.710000000003,0.0,0,-1.46824,-48.49176,1 quarto,1 cama
Luxuoso Apartamento Exclusivo na COP30 - Belém,Apartamento ⋅ Belém,2032.54,22357.94,0.0,0,-1.46379,-48.48549,3 quartos,3 camas
Chalé Nomad,Casa ⋅ Belém,3944.71,43391.81,0.0,0,-1.5058,-48.4938,1 quarto,1 cama
Studio Unique Luxo c/ garagem,Apartamento ⋅ Belém,5188.64,57075.04,4.95,55,-1.44595,-48.47094,1 quarto,2 camas
Apartamento para cop30,Apartamento ⋅ Belém,2904.78,31952.58,0.0,0,-1.4401,-48.4915,1 quarto,1 cama king
Excelente para COP30 e Círio em Belém,Apartamento ⋅ Belém,4366.04,48026.44,0.0,0,-1.4316,-48.4611,3 quartos,6 camas
Estadia Perfeita no coração de Belém,Apartamento ⋅ Belém,2592.24,28514.64,0.0,0,-1.4425,-48.4882,1 quarto,1 cama de casal
Apto Novíssimo arejado c varanda,Apartamento ⋅ Belém,1141.18,12552.980000000001,0.0,0,-1.4307,-48.4633,1 quarto,1 cama
Apartamento 2 Quartos Luxo COP30 100% climatizado.,Apartamento ⋅ Belém,4929.88,54228.68,0.0,0,-1.3903562914690435,-48.47077316634884,2 quartos,1 cama de casal
COP 30. Aluguel de Apto - de Frente para a Baía,Apartamento ⋅ Belém,3550.24,39052.64,0.0,0,-1.44117,-48.49166,1 quarto,2 camas
Apto de Luxo (Loft Duplex) área nobre (Doca),Apartamento ⋅ Belém,5020.91,55230.009999999995,5.0,4,-1.44705,-48.48388,1 quarto,1 cama queen
Casa de hóspedes,Casa de hóspedes ⋅ Belém,3423.53,37658.83,0.0,0,-1.4703123894003465,-48.45754216280853,1 quarto,2 camas
"Bayview Umarizal, Belém",Apartamento ⋅ Belém,3846.89,42315.79,5.0,11,-1.4401,-48.4915,1 quarto,1 cama queen
Loft Duplex com garagem,Apartamento ⋅ Belém,5087.33,55960.63,5.0,12,-1.4473242810598568,-48.4838383103749,1 quarto,1 cama
Loft em Belém Ideal para COP30,Apartamento ⋅ Belém,3004.94,33054.340000000004,0.0,0,-1.446262729248168,-48.47039770066793,1 quarto,2 camas
cop 30 apartamento luxuoso,Apartamento ⋅ Belém,1916.0,21076.0,0.0,0,-1.46504,-48.48681,2 quartos,2 camas
Loft encantador com vista para baia e piscina,Loft ⋅ Belém,5085.25,55937.75,4.99,68,-1.43899,-48.49062,1 quarto,2 camas
Clube do condomínio de apartamentos - Ekoara Tower,Apartamento ⋅ Belém,6424.83,70673.13,0.0,0,-1.4328,-48.4546,3 quartos,3 camas queen
Apartamento confortável Cop30,Apartamento ⋅ Belém,2866.78,31534.58,0.0,0,-1.4652,-48.4888,2 quartos,2 camas de casal
Loft Mobiliado - Em Belém,Apartamento ⋅ Belém,3381.18,37192.979999999996,0.0,0,-1.4672430437342416,-48.49085754147029,1 quarto,1 cama
Viva uma experiência inesquecível em Belém do Pará,Apartamento ⋅ Belém,5687.19,62559.09,4.88,278,-1.44638,-48.4864,2 quartos,3 camas
"Apartamento em Belém, hangar e COP30Moderno",Condomínio ⋅ Belém,3606.56,39672.159999999996,0.0,0,-1.40335,-48.45083,2 quartos,3 camas
Apartamento de Luxo Exclusivo para a COP30,Apartamento ⋅ Belém,6677.65,73454.15,0.0,0,-1.4469,-48.4767,1 quarto,1 cama
Loft completamente mobiliado.,Loft ⋅ Belém,2618.85,28807.35,4.8,80,-1.4672,-48.4909,1 quarto,2 camas
Apartamento Moderno no Centro de Belém,Quarto em Belém,1232.47,13557.17,5.0,21,-1.45989,-48.49389,1 cama de casal,
Apartamento edifício lá residence - COP 30,Apartamento ⋅ Belém,2897.14,31868.539999999997,0.0,0,-1.4553585379995078,-48.48818421323185,2 quartos,2 camas
Cop30 Conforto e Localização,Apartamento ⋅ Belém,3650.73,40158.03,0.0,0,-1.4411426397069216,-48.49055794740472,2 quartos,2 camas
Apartamento COP30 — Marco Stay,Apartamento ⋅ Belém,4006.59,44072.490000000005,0.0,0,-1.4338829163016855,-48.467571344933326,2 quartos,2 camas
Quarto com banheiro em Batista Campos,Lugar para ficar em Belém,669.26,7361.86,0.0,0,-1.4622630496031943,-48.492568197223314,1 quarto,1 cama
Apartamento Belém-PA COP30 - Ed.MISTRAL 2 quartos,Apartamento ⋅ Belém,2852.94,31382.34,0.0,0,-1.4618468685903296,-48.47772884698953,2 quartos,2 camas
Acomodação Perfeita para a COP30 em Belém,Apartamento ⋅ Belém,2282.35,25105.85,0.0,0,-1.438,-48.4703,2 quartos,2 camas
Casa Combú Chalé III,Lugar para ficar em Belém,1369.41,15063.51,0.0,0,-1.493758486859095,-48.48569543540919,1 cama,
Apto de luxo COP30 Breeze-5min do Parque da Cidade,Apartamento ⋅ Belém,4700.29,51703.19,0.0,0,-1.39037,-48.46879,2 quartos,3 camas
Exclusivo FLAT-Mobiliado_Rio-Elba403,Apartamento ⋅ Marco,2567.65,28244.15,5.0,4,-1.43245,-48.45349,1 quarto,3 camas
Apartamento aconchegante cop 30 proximo do evento,Apartamento ⋅ Belém,3806.26,41868.86,0.0,0,-1.43882,-48.47065,3 quartos,6 camas
Apartamento de Alto Padrão no Umarizal,Apartamento ⋅ Belém,6847.06,75317.66,0.0,0,-1.4449,-48.4844,3 quartos,3 camas
Recanto da Laura - Conforto e Estilo,Apartamento ⋅ Belém,2868.5,31553.5,5.0,6,-1.4457660947208288,-48.47102919739165,2 quartos,3 camas
Estúdio Mobiliado T&F,Apartamento ⋅ Belém,2738.82,30127.02,0.0,0,-1.458,-48.489,1 quarto,1 cama
Ilha de Murano COP 30,Apartamento ⋅ Belém,5705.89,62764.79,0.0,0,-1.3883662801222487,-48.470156240109006,3 quartos,3 camas
COP30 Apartamento Duplex- Estadia Premium em Belém,Apartamento ⋅ Belém,5322.03,58542.329999999994,0.0,0,-1.4470257728847786,-48.4852612674692,1 quarto,2 camas
#2 Sofisticado Estúdio em Batista Campos,Loft ⋅ Belém,5349.53,58844.829999999994,0.0,0,-1.458,-48.489,1 quarto,2 camas
Acomodação COP30,Apartamento ⋅ Belém,6410.54,70515.94,0.0,0,-1.3913,-48.4695,2 quartos,2 camas
Loft Moderno no Mandarim,Apartamento ⋅ Belém,8165.12,89816.31999999999,0.0,0,-1.4401,-48.4915,2 camas de solteiro,
Apartamento COP30.,Apartamento ⋅ Belém,9201.92,101221.12,0.0,0,-1.3892,-48.4692,3 quartos,3 camas
Studio na Amazônia,Apartamento ⋅ Belém,4861.92,53481.12,5.0,3,-1.4466,-48.47,1 quarto,2 camas
09 Luxury Suíte  Radisson Maiorana,Hotel ⋅ Belém,10118.12,111299.32,4.76,17,-1.4547,-48.4892,1 quarto,1 cama
Apartamento completo e confortável,Apartamento ⋅ Belém,5705.89,62764.79,0.0,0,-1.4612682401493906,-48.479645832352865,2 quartos,2 camas
Linda Casa nova em Cond Fechado próx Cop30,Casa ⋅ Belém,8451.82,92970.01999999999,0.0,0,-1.3869,-48.4463,4 quartos,5 camas
Apartamento Premium na COP 30 (Estadia Premium),Apartamento ⋅ Belém,6276.47,69041.17,0.0,0,-1.4359,-48.4605,2 quartos,2 camas
Excelente apartamento luxo,Apartamento ⋅ Belém,5809.63,63905.93,0.0,0,-1.3917,-48.4692,3 quartos,3 camas
Village Prime Umarizal – 3 Suítes + Lazer Completo,Apartamento ⋅ Belém,9273.6,102009.6,0.0,0,-1.4389,-48.4898,1 quarto,1 cama
Casa inteira com 5 banheiros - 12 pessoas (até 15),Casa ⋅ Belém,8903.53,97938.83,0.0,0,-1.4719,-48.4565,4 quartos,7 camas
Apartamento de luxo em Belém,Apartamento ⋅ Belém,6777.92,74557.12,0.0,0,-1.438586896158572,-48.48629933300568,4 quartos,7 camas
Apartamento COP 30 (próximo aos eventos),Apartamento ⋅ Belém,4451.77,48969.47,0.0,0,-1.4434,-48.4651,2 quartos,3 camas
Ed. athenas Future - 2/4 - apto 2205,Apartamento ⋅ Belém,5087.33,55960.63,0.0,0,-1.4355,-48.4774,2 quartos,2 camas
Mistral na Cop30!,Apartamento ⋅ Belém,5705.89,62764.79,0.0,0,-1.4609,-48.4784,2 quartos,2 camas
Loft moderno com vista para Baía,Apartamento ⋅ Belém,8558.83,94147.13,0.0,0,-1.4405467276745667,-48.491031313374656,1 quarto,2 camas queen
Casa alto padrão para alugar COP 30,Casa ⋅ Belém,6847.06,75317.66,0.0,0,-1.4237,-48.4647,4 quartos,4 camas
Quarto Privativo,Casa ⋅ Belém,1672.45,18396.95,0.0,0,-1.379753387150272,-48.47968132365171,1 quarto,1 cama
"Apto 3qts sendo 1 suíte, com vista para piscina",Apartamento ⋅ Belém,5784.0,63624.0,0.0,0,-1.38984,-48.4688,3 quartos,4 camas
Torres Liberto - COP30 Belém III,Apartamento ⋅ Belém,4108.24,45190.64,0.0,0,-1.4651,-48.4948,3 quartos,6 camas
Suítes modernas com vista para floresta,Lugar para ficar em Belém,4585.46,50440.06,0.0,0,-1.3995,-48.4642,2 quartos,3 camas
Apartamento com vista para baía,Apartamento ⋅ Belém,3944.71,43391.81,0.0,0,-1.4298,-48.4878,3 quartos,3 camas
Apartamento para COP-30,Apartamento ⋅ Belém,3440.65,37847.15,0.0,0,-1.4602673680716425,-48.48232701612526,1 quarto,1 cama
Conforto e PraticidadeA 10 Minutos da COP30,Apartamento ⋅ Belém,3786.43,41650.729999999996,0.0,0,-1.4008,-48.4911,2 quartos,2 camas
Aluguel apart. completo - COP30,Apartamento ⋅ Belém,3389.4,37283.4,0.0,0,-1.4486,-48.4788,2 quartos,3 camas
Conforto e segurança em Belém,Apartamento ⋅ Belém,3093.32,34026.520000000004,0.0,0,-1.4276039866528365,-48.46925833834081,3 quartos,3 camas
Apto confortável e estratégico para COP 30,Apartamento ⋅ Belém,1689.84,18588.239999999998,0.0,0,-1.4162,-48.4777,2 quartos,5 camas
Apartamento exclusivo para COP30,Apartamento ⋅ Marco,2270.94,24980.34,0.0,0,-1.440279366582237,-48.46439311717798,2 quartos,3 camas
térreo - ganhe tempo na melhor opção para turistar,Quarto em Batista Campos,1232.47,13557.17,5.0,39,-1.4605,-48.4956,2 camas de solteiro,
Alugo Apartamento para COP 30,Apartamento ⋅ Marambaia,5605.46,61660.06,0.0,0,-1.4036,-48.4527,2 quartos,3 camas
Apto aconchegante e moderno,Apartamento ⋅ São Brás,3979.79,43777.69,0.0,0,-1.4474371836160609,-48.46888234426164,2 quartos,2 camas
Aconchegante apto COP30 no Marco,Apartamento ⋅ Marco,3492.0,38412.0,0.0,0,-1.4406,-48.4643,2 quartos,2 camas
Royal Crown Duplex Umarizal,Apartamento ⋅ Nazaré,3415.84,37574.240000000005,4.89,19,-1.44829,-48.48529,1 quarto,1 cama queen
Bayview Royal Umarizal,Apartamento ⋅ Umarizal,3415.84,37574.240000000005,4.84,31,-1.4401,-48.4915,1 quarto,1 cama queen
Royal Duplex Umarizal,Apartamento ⋅ Nazaré,3415.84,37574.240000000005,4.87,47,-1.4476,-48.4849,1 quarto,1 cama queen
Apartamento de luxo para COP30,Apartamento ⋅ Umarizal,5820.0,64020.0,0.0,0,-1.4435198529068058,-48.481179267647235,3 quartos,3 camas queen
Apartamento mobiliado com área de lazer completa,Apartamento ⋅ Batista Campos,2289.16,25180.76,4.89,19,-1.4646,-48.491,1 quarto,1 cama
Aluguel de Apartamento Aconchegante – Bairro Nobre,Apartamento ⋅ Umarizal,6389.64,70286.04000000001,0.0,0,-1.4364141386124958,-48.48784903170121,2 quartos,3 camas
Loft Batista Campos 30 COP,Apartamento ⋅ Belém,2390.77,26298.47,0.0,0,-1.4644,-48.4877,1 quarto,1 cama
"Apart. mobiliado Ed Rivoli Residence, Belém COP 30",Apartamento ⋅ Belém,5578.83,61367.13,0.0,0,-1.4637,-48.4987,2 quartos,4 camas
Sunset Royal Loft — Belém — Marco,Apartamento ⋅ São Brás,3412.73,37540.03,4.87,39,-1.4466,-48.47,1 quarto,1 cama de casal
"Apto Charmoso a 2,9km da sede da Cop 30",Apartamento ⋅ Belém,4563.64,50200.04,0.0,0,-1.43452,-48.45832,3 quartos,2 camas queen
Apartamento na melhor localização de Belém,Apartamento ⋅ Belém,7042.66,77469.26,0.0,0,-1.44484,-48.4867,3 quartos,4 camas
Aluguel para a Cop30 - Apt de 1 suíte novo,Apartamento ⋅ Marco,3994.12,43935.32,0.0,0,-1.4319,-48.4624,1 quarto,2 camas
Apartamento ao lado da COP30,Apartamento ⋅ Pedreira,8000.0,88000.0,0.0,0,-1.41763,-48.46231,3 quartos,5 camas
Apartamento em Belém/PA - COP30_ Vista para o Rio,Apartamento ⋅ Telégrafo,4108.24,45190.64,0.0,0,-1.4312,-48.4872,2 quartos,2 camas
"Suíte 2 ""Tucano""  (double)",Quarto em Marambaia,2824.41,31068.51,0.0,0,-1.4072,-48.4529,1 cama,
Aparamento alto padrão COP30,Apartamento ⋅ Belém,8114.83,89263.13,0.0,0,-1.4518291473482252,-48.49526830272996,3 quartos,4 camas
Hospede-se com Estilo.,Casa ⋅ Pedreira,8013.18,88144.98000000001,0.0,0,-1.4376,-48.47428,3 quartos,2 camas
"Espaço inteiro: Apto alto padrão em Belém, Brasil.",Apartamento ⋅ Nazaré,7696.79,84664.69,0.0,0,-1.4498,-48.4872,3 quartos,4 camas
Apto Mobiliado | 02 Pessoas- 07 minutos do evento.,Apartamento ⋅ Belém,5153.97,56693.670000000006,0.0,0,-1.41817,-48.46375,1 quarto,2 camas
COP30 - Apto premium com lazer completo,Apartamento ⋅ Umarizal,3534.87,38883.57,0.0,0,-1.4401,-48.4915,2 quartos,2 camas
Estadia exclusiva para COP 30 Ed Quadra Residence,Apartamento ⋅ Belém,6847.06,75317.66,0.0,0,-1.4372538111552542,-48.48922028418359,2 quartos,3 camas
Apto para 4 hóspedes- proxCop30,Apartamento ⋅ Pedreira,5000.0,55000.0,0.0,0,-1.4173,-48.4634,2 quartos,3 camas
Apartamento - COP30,Apartamento ⋅ São Brás,2254.12,24795.32,0.0,0,-1.45572,-48.47285,2 quartos,2 camas
Apartamento em Belém aluguel cop30 Batista Campos,Apartamento ⋅ Batista Campos,5339.85,58738.350000000006,0.0,0,-1.4629,-48.4902,2 quartos,3 camas
Apartamento para COP-30,Apartamento ⋅ Sacramenta,2817.65,30994.15,0.0,0,-1.417023251762543,-48.478222100967905,2 quartos,2 camas
Apartamento aconchegante no coração de Belém,Apartamento ⋅ Jurunas,4019.14,44210.54,0.0,0,-1.46518,-48.49385,3 quartos,4 camas
Apartamento aconchegante para locação na COP30,Apartamento ⋅ Belém,3832.0,42152.0,0.0,0,-1.443022518668545,-48.489477977960085,3 quartos,4 camas
Apto Alto Padrão em Belém.,Apartamento ⋅ Umarizal,6009.88,66108.68000000001,0.0,0,-1.4399832709249911,-48.48216042272328,3 quartos,3 camas
Apartamento para COP 30,Apartamento ⋅ Telégrafo,7392.48,81317.28,0.0,0,-1.4313,-48.4873,3 quartos,3 camas
Aluguel COP 30 - disponível de 27/10 a 30/11.,Apartamento ⋅ Marambaia,3091.55,34007.05,0.0,0,-1.4041,-48.4497,3 quartos,2 camas
Apartamento enorme incrível!,Apartamento ⋅ Nazaré,6847.06,75317.66,0.0,0,-1.4495690920068502,-48.47988565345817,3 quartos,6 camas
Apto Inteiro e Condomínio Completo. Aproveite!,Apartamento ⋅ Umarizal,5749.87,63248.57,0.0,0,-1.4392,-48.4896,3 quartos,4 camas
Casa Cop 30,Casa ⋅ Velha,6847.06,75317.66,0.0,0,-1.4618,-48.5018,4 quartos,7 camas
Apartamento Moderno com Vista Panorâmica da cidade,Apartamento ⋅ Marco,5387.33,59260.63,0.0,0,-1.4291,-48.4626,3 quartos,4 camas
apartamento premium - umarizal - Belém/PA cop 30,Apartamento ⋅ Umarizal,7217.71,79394.81,0.0,0,-1.4389,-48.4856,3 quartos,4 camas
Apto aconchegante no melhor bairro de Belém,Apartamento ⋅ Belém,8558.83,94147.13,0.0,0,-1.4424,-48.4842,3 quartos,3 camas
"COP30, hangar, parque da cidade em belem",Apartamento ⋅ Marco,5178.47,56963.170000000006,0.0,0,-1.429,-48.4653,3 quartos,3 camas
Apartamento para Cop30,Apartamento ⋅ Umarizal,4519.06,49709.66,0.0,0,-1.4369,-48.4885,2 quartos,2 camas
Apartamento para COP 30 - 5km do Hangar,Apartamento ⋅ Nazaré,7557.7,83134.7,0.0,0,-1.4526314668269655,-48.478858865534264,3 quartos,5 camas
"Apto Umarizal, ao lado da Doca - COP 30 [2 hósp.]",Apartamento ⋅ Belém,4974.62,54720.82,0.0,0,-1.4429,-48.4882,1 quarto,1 cama
apartamento confortável e seguro,Apartamento ⋅ Umarizal,7679.3,84472.3,0.0,0,-1.446132432730076,-48.48247629205904,4 quartos,4 camas
AP aconchegante para COP 30 em Belém,Apartamento ⋅ Belém,7531.77,82849.47,0.0,0,-1.4396,-48.4825,3 quartos,3 camas
Cobertura duplex 180m2 ótima localização,Apartamento ⋅ Umarizal,5492.9,60421.899999999994,0.0,0,-1.4346,-48.4883,3 quartos,6 camas
Aluguel de Casa COP 30/PA proximo ao Aeroporto.,Casa ⋅ Belém,8505.89,93564.79,0.0,0,-1.3957,-48.4727,5 quartos,8 camas
COP 30 Apto 1/4 suíte bairro nobre,Apartamento ⋅ Umarizal,4108.24,45190.64,0.0,0,-1.4444,-48.4817,1 quarto,1 cama de casal
Exclusivo para COP30,Apartamento ⋅ Marco,4580.27,50382.97,0.0,0,-1.43947,-48.47095,2 quartos,3 camas
Conforto e estilo na nova Doca,Apartamento ⋅ Belém,7702.94,84732.34,0.0,0,-1.4420222062906085,-48.49341447287941,2 quartos,2 camas de solteiro
Apart. mobiliado COP30 em excelente localização.,Apartamento ⋅ Belém,5648.83,62137.13,0.0,0,-1.4601,-48.4885,2 quartos,2 camas
Apartamento espaço inteiro COP30 bem localizado.,Apartamento ⋅ Batista Campos,6847.06,75317.66,0.0,0,-1.4584,-48.4866,2 quartos,3 camas
COP 30 Belém - AP bem localizado e confortável.,Apartamento ⋅ Pedreira,6121.18,67332.98000000001,0.0,0,-1.4241,-48.4647,3 quartos,3 camas
Apto central/ bairro São Brás /prox. COP30,Apartamento ⋅ Guamá,3729.57,41025.270000000004,0.0,0,-1.4592883119013085,-48.46965324281411,2 quartos,2 camas de casal
Apartamento em Umarizal para COP 30,Apartamento ⋅ Umarizal,4718.28,51901.079999999994,0.0,0,-1.4391,-48.4896,3 quartos,3 camas
Cop30 - Melhor que Hotel,Apartamento ⋅ Umarizal,7988.24,87870.64,0.0,0,-1.4452,-48.4879,3 quartos,3 camas
Belém Cop 30 Apartamento Novo Centro (Ed. Mistral),Apartamento ⋅ Cremação,4676.4,51440.399999999994,0.0,0,-1.4605,-48.4791,2 quartos,4 camas
"Ap. novo, conforto, moderno, localizado em Nazaré",Apartamento ⋅ Nazaré,6162.36,67785.95999999999,0.0,0,-1.450323892645499,-48.4814667865605,2 quartos,3 camas
Apto 2 Quartos c/ Lazer Completo •Próx. COP30/Aero,Apartamento ⋅ Belém,3729.54,41024.94,0.0,0,-1.4262,-48.4663,2 quartos,3 camas
Ed. Rio Mendoza - COP 30,Apartamento ⋅ Marco,7324.09,80564.99,0.0,0,-1.432,-48.4611,3 quartos,3 camas
Apartamento lindo para a COP 30,Apartamento ⋅ Marco,7959.58,87555.38,0.0,0,-1.43371,-48.45511,2 quartos,3 camas
COP30 Apt. novo no Umarizal em Belém do Pará,Apartamento ⋅ Campina,5103.53,56138.829999999994,0.0,0,-1.4419467724201225,-48.48711936630884,2 quartos,2 camas
"Excelente localização, limpeza e conforto.",Apartamento ⋅ Belém,3662.14,40283.54,4.69,117,-1.43298,-48.45088,2 quartos,4 camas
Casa c/ Piscina e Lazer Completo,Casa ⋅ Belém,3324.97,36574.67,4.88,8,-1.41724,-48.48003,4 quartos,4 camas
Linda Casa - COP30 2025,Casa ⋅ Belém,3405.77,37463.47,0.0,0,-1.4653,-48.4631,2 quartos,4 camas
Apto Smart Boulevard mobiliado!,Apartamento ⋅ Belém,4411.06,48521.66,4.96,25,-1.4456,-48.4856,2 quartos,3 camas
Apartamento no coração da cidade,Apartamento ⋅ Belém,3421.03,37631.33,4.67,3,-1.4397,-48.48295,2 quartos,2 camas
Cobertura com piscina em Belém perto da B. Campos,Apartamento ⋅ Belém,8923.03,98153.33,0.0,0,-1.4657737604553838,-48.48997068799872,4 quartos,4 camas
Apartamento COP 30,Apartamento ⋅ Belém,4401.76,48419.36,0.0,0,-1.4343,-48.4621,2 quartos,3 camas
Apartamento Nazaré Cop-30,Apartamento ⋅ Belém,2658.8,29246.800000000003,0.0,0,-1.44755,-48.47806,2 quartos,4 camas
Luxuoso Apartamento para CoP30 a 5 minutos Hangar,Apartamento ⋅ Belém,5135.3,56488.3,0.0,0,-1.43918,-48.46365,3 quartos,5 camas
Hospede-se na COP 30,Apartamento ⋅ Belém,4620.94,50830.34,0.0,0,-1.4242,-48.4649,2 quartos,1 cama de casal
Apartamento COP30 bairro Marco,Apartamento ⋅ Belém,1844.79,20292.69,0.0,0,-1.4339583045984146,-48.466811596280024,3 quartos,3 camas
"Frente para o bosque, apartamento 03 Suítes cop-30",Apartamento ⋅ Belém,7790.59,85696.49,0.0,0,-1.43455,-48.46076,3 quartos,4 camas
Condomínio Resort para COP 30,Apartamento ⋅ Belém,8621.07,94831.76999999999,0.0,0,-1.4567,-48.4779,3 quartos,5 camas
LOFT BELÉM com 1 quarto- COP 30,Apartamento ⋅ Belém,3800.12,41801.32,0.0,0,-1.44722,-48.46993,1 quarto,1 cama
Maravilhoso Apto - Umarizal - Nova Doca - Belém/PA,Apartamento ⋅ Umarizal,4459.39,49053.29,4.81,159,-1.44658,-48.48689,2 quartos,3 camas
Apartamento COP 30,Apartamento ⋅ Belém,5240.83,57649.13,0.0,0,-1.44573,-48.46503,2 quartos,2 camas
Residencial Piazza Toscana COP30-marambaia,Apartamento ⋅ Belém,6170.66,67877.26,0.0,0,-1.4039,-48.4496,2 quartos,3 camas
Apto Cop30 alto padrão 3 suítes bairro Fátima,Apartamento ⋅ Belém,5798.22,63780.420000000006,0.0,0,-1.457,-48.4741,3 quartos,4 camas
Apartamento para COP30 Belém/PA.,Apartamento ⋅ Belém,6276.47,69041.17,0.0,0,-1.4600177010553397,-48.478157692479485,2 quartos,3 camas
"COP30 em 12' (5,2km) - Apartamento Climatizado",Apartamento ⋅ Belém,7406.12,81467.31999999999,0.0,0,-1.4392,-48.4817,3 quartos,5 camas
COP e Aeroporto a 7 min shopping a pé,Apartamento ⋅ Belém,5342.12,58763.32,0.0,0,-1.3891,-48.469,3 quartos,5 camas
Majesty Crown Umarizal*,Apartamento ⋅ Belém,2848.78,31336.58,4.5,14,-1.4456,-48.4856,1 quarto,1 cama queen
Apartamento alto padrão para COP30.,Apartamento ⋅ Belém,6720.0,73920.0,0.0,0,-1.4327,-48.4548,3 quartos,3 camas
apartamento alto padrao para a COP 30,Apartamento ⋅ Belém,5705.89,62764.79,0.0,0,-1.4627,-48.4863,3 quartos,3 camas
Apt a 10 minutos do Hangar COP30,Apartamento ⋅ Belém,4964.57,54610.27,0.0,0,-1.4056,-48.448,2 quartos,2 camas
Apartamento ideal para a COP30,Apartamento ⋅ Belém,4536.47,49901.170000000006,0.0,0,-1.4316,-48.4617,2 quartos,2 camas
"COP 30
Excelente apartamento na Marambaia",Apartamento ⋅ Marambaia,3423.53,37658.83,0.0,0,-1.406226386979726,-48.45379335435119,1 quarto,1 cama
Edifício Águas de Março Residence,Apartamento ⋅ Belém,3516.69,38683.590000000004,0.0,0,-1.4452847103986015,-48.46433583351543,2 quartos,2 camas
Estadia de luxo na baía,Apartamento ⋅ Belém,5229.32,57522.52,0.0,0,-1.4401,-48.4915,2 quartos,2 camas
o Soul entrega conforto e Beleza.,Apartamento ⋅ Batista Campos,10016.47,110181.17,0.0,0,-1.4597794084862843,-48.48761126592289,3 quartos,3 camas
Condomínio Resort para COP 30,Apartamento ⋅ Nazaré,9708.78,106796.58,0.0,0,-1.4566784000432258,-48.47880552170689,3 quartos,3 camas
Apto 2 Suítes – Próximo ao Hangar - COP 30!,Apartamento ⋅ Marco,6847.06,75317.66,0.0,0,-1.432,-48.4611,2 quartos,6 camas
"Novo, elegante e seguro.",Apartamento ⋅ Batista Campos,4522.97,49752.670000000006,0.0,0,-1.465301094078599,-48.48670300923319,2 quartos,5 camas
Studio completo na Doca,Apartamento ⋅ Belém,3380.05,37180.55,0.0,0,-1.4466068395854352,-48.48380369860912,1 cama,
Studio charmoso em Belém,Apartamento ⋅ São Brás,4130.02,45430.22,0.0,0,-1.4465,-48.4708,2 quartos,2 camas
AP em região da COP 30,Apartamento ⋅ Fátima,8039.12,88430.31999999999,0.0,0,-1.4441,-48.4751,2 quartos,2 camas
Aluguel Temporada COP 30,Apartamento ⋅ Pedreira,4564.71,50211.81,0.0,0,-1.42735,-48.46761,2 quartos,3 camas
duplex alto padrao para a COP 30,Apartamento ⋅ Nazaré,3994.12,43935.32,0.0,0,-1.4477,-48.4848,1 quarto,1 cama
Quarto para COP30 Umarizal Belém,Lugar para ficar em Belém,2559.77,28157.47,0.0,0,-1.4395,-48.4835,1 quarto,2 camas
Apartamento estiloso e confortável para COP 30,Apartamento ⋅ Marco,4108.24,45190.64,0.0,0,-1.435,-48.4676,2 quartos,2 camas
Apartamento Cond Parc Paradiso - vista para Museu,Apartamento ⋅ Belém,5612.52,61737.72,0.0,0,-1.4567,-48.4779,3 quartos,5 camas
Loft Athenas Future living para COP 30,Apartamento ⋅ Belém,5564.71,61211.81,0.0,0,-1.4355,-48.4774,2 quartos,3 camas
Aluguel Ap para a COP 30,Apartamento ⋅ Belém,3454.65,38001.15,0.0,0,-1.4173,-48.4631,2 quartos,1 cama queen
Resort urbano COP30 Muito perto local evento.,Apartamento ⋅ Belém,10153.31,111686.40999999999,0.0,0,-1.433967230152211,-48.45538907992196,3 quartos,6 camas
Ed. Seven Residence - COP 30 - Belém,Apartamento ⋅ Marco,2870.58,31576.379999999997,0.0,0,-1.4353,-48.462,2 quartos,2 camas
Casa Confortável para a COP30,Casa ⋅ Belém,7512.36,82635.95999999999,0.0,0,-1.4713413566243163,-48.4574735227378,3 quartos,5 camas
Estadia de luxo em Belém Rio Mendoza Tower - COP 30.,Apartamento ⋅ Belém,7790.59,85696.49,0.0,0,-1.432,-48.4611,3 quartos,3 camas
Apartamento Smart Boulevard - Bairro Nobre,Apartamento ⋅ Umarizal,2858.12,31439.32,4.46,37,-1.44657,-48.48441,2 quartos,3 camas
Apartamento para COP30 perto do local da convenção,Apartamento ⋅ Belém,3286.59,36152.490000000005,0.0,0,-1.4242,-48.4649,2 quartos,3 camas
Apartamento premium no Vogue Residence - COP 30,Apartamento ⋅ Belém,2361.19,25973.09,0.0,0,-1.442433870952099,-48.47951714436311,1 quarto,1 cama queen
Confortável casa moderna!,Casa ⋅ Val-de-Cães,7988.24,87870.64,0.0,0,-1.3958610838001844,-48.47194859594025,3 quartos,3 camas
Apartamento COP30 Umarizal - Belém,Apartamento ⋅ Belém,4451.77,48969.47,0.0,0,-1.43805,-48.48424,2 quartos,4 camas
apartamento no centro de Belém (pronto para COP30),Apartamento ⋅ Belém,3944.71,43391.81,0.0,0,-1.4569,-48.4778,3 quartos,4 camas
Apartamento 03 Quartos Mobiliado COP30,Apartamento ⋅ Batista Campos,2835.3,31188.300000000003,0.0,0,-1.4631,-48.4858,3 quartos,3 camas
Quarto c/ piscina e área externa privativa,Lugar para ficar em Belém,796.11,8757.210000000001,0.0,0,-1.4688173520805727,-48.45801763289965,1 quarto,2 camas
Conforto Cop30 próx Aeroporto e Grão Para.,Apartamento ⋅ Belém,3231.21,35543.31,0.0,0,-1.3915,-48.4691,2 quartos,2 camas
Apartamento na Av Nazare próximo à Basílica,Apartamento ⋅ Belém,9016.47,99181.17,0.0,0,-1.45103,-48.48275,3 quartos,6 camas
AP completo p. 3 pessoas! COP 30,Apartamento ⋅ Marco,6162.36,67785.95999999999,0.0,0,-1.4345,-48.4513,1 quarto,1 cama
Apartamento Residencial em Belém para a Cop30,Apartamento ⋅ Bengui,1502.47,16527.170000000002,0.0,0,-1.3744,-48.4619,2 quartos,5 camas
"Apt de luxo, alto padrão Cop30.",Apartamento ⋅ Nazaré,10239.06,112629.65999999999,0.0,0,-1.4492,-48.4857,3 quartos,3 camas
"Apartamento Espaçoso, acolhedor e confortável.",Apartamento ⋅ Nazaré,5724.35,62967.850000000006,0.0,0,-1.447,-48.4785,3 quartos,5 camas
Apto três suítes - Cop 30,Apartamento ⋅ Belém,6909.31,76002.41,0.0,0,-1.4663161392773552,-48.49308345182437,3 quartos,3 camas
Quarto Familiar COP30 c/Banheiro Privativo 2,Casa de hóspedes ⋅ Belém,1858.98,20448.78,0.0,0,-1.4011,-48.4557,1 quarto,2 camas
Aluguel - Cop 30!,Apartamento ⋅ Marco,8216.47,90381.17,0.0,0,-1.4332,-48.4599,3 quartos,2 camas
Apartamento em área nobre de Belém,Apartamento ⋅ Umarizal,2622.84,28851.24,0.0,0,-1.44514,-48.48368,2 quartos,4 camas
Suíte em casa aconchegante - SUÍTE 01,Lugar para ficar em Val-de-Cães,2409.54,26504.94,0.0,0,-1.3963,-48.4672,1 quarto,1 cama queen
Apartamento luxuoso no centro da cidade,Apartamento ⋅ Belém,5913.99,65053.89,0.0,0,-1.43808,-48.48763,4 quartos,6 camas
Apto incrível para a COP 30!,Apartamento ⋅ Belém,2510.59,27616.49,0.0,0,-1.4056,-48.4479,2 quartos,2 camas
Apartamento para COP 30,Apartamento ⋅ Belém,5204.6,57250.600000000006,0.0,0,-1.4498630449139918,-48.481466605751216,2 quartos,3 camas
Belém COP 30,Apartamento ⋅ Batista Campos,5659.4,62253.399999999994,0.0,0,-1.4571,-48.4848,3 quartos,3 camas
Lindo apt para cop 30,Apartamento ⋅ Umarizal,10016.47,110181.17,0.0,0,-1.4401,-48.4915,2 quartos,2 camas
"Apartamento confortável, bem localizado COP30",Apartamento ⋅ Marco,3553.83,39092.13,0.0,0,-1.432297265855717,-48.45359213294544,3 quartos,4 camas
Apartamento p/ a Cop30 Umarizal,Apartamento ⋅ Nazaré,4621.77,50839.47,0.0,0,-1.4463,-48.4799,2 quartos,3 camas
Soft Room 02 Umarizal: Belém COP 30,Lugar para ficar em Belém,1434.44,15778.84,0.0,0,-1.44909,-48.48439,1 quarto,1 cama
"Acomodação para COP 30. Espaço, Conforto e Lazer.",Casa ⋅ Telégrafo,3594.71,39541.81,0.0,0,-1.4226,-48.4874,2 quartos,3 camas
Versátil Apartamento | COP30 | Localização Central,Apartamento ⋅ Belém,4144.59,45590.490000000005,0.0,0,-1.439117019034596,-48.4845187290937,1 quarto,1 cama de casal
Aluguel para COP 30,Apartamento ⋅ Val-de-Cães,1483.53,16318.83,0.0,0,-1.3951,-48.475,2 quartos,3 camas
COP30 Brasil-Residência confortável e aconchegante,Casa ⋅ Belém,488.08,5368.88,0.0,0,-1.3996,-48.4719,2 quartos,6 camas
COP 30 Caixa Preta Hospedaria Ilha do Combu,Cabana ⋅ Belém,998.82,10987.02,4.67,3,-1.4948,-48.4893,1 quarto,2 camas
Apto Incrível a 2Km da COP30 da Amazônia,Apartamento ⋅ Belém,461.7,5078.7,0.0,0,-1.4135,-48.4752,1 quarto,1 cama de casal
Acomodação familiar 2,Suíte de hóspedes ⋅ Belém,305.68,3362.48,0.0,0,-1.4289297339740898,-48.48777412553315,1 quarto,1 cama
Varanda Círio de Nazaré,Apartamento ⋅ Belém,1968.35,21651.85,5.0,5,-1.4506,-48.4967,1 quarto,3 camas
Apartamento em Belém - Village 16.104,Loft ⋅ Belém,570.59,6276.490000000001,0.0,0,-1.4646004597101228,-48.447831157352425,1 quarto,1 cama
Acomodação feminina 1,Quarto de hotel compartilhado ⋅ Belém,320.0,3520.0,0.0,0,-1.45400714112147,-48.487584377758395,1 quarto,20 camas
"COP30 - Comodidade, Segurança e Conforto.",Casa ⋅ Belém,728.41,8012.509999999999,0.0,0,-1.3963,-48.4728,4 quartos,9 camas
Apartamento em Belém 02,Apartamento ⋅ Cremação,2282.35,25105.85,5.0,3,-1.4592,-48.4774,2 quartos,2 camas
Casa completa no centro de Belém - COP30,Casa ⋅ Belém,1292.29,14215.189999999999,0.0,0,-1.41425,-48.479,3 quartos,3 camas
402 Flat Agradavel e Acolhedor,Apartamento ⋅ Marco,1768.55,19454.05,4.33,6,-1.4423,-48.46855,1 quarto,1 cama de casal
Flat luxuoso para COP30 a 4 minutos do Hangar,Apartamento ⋅ Belém,1053.0,11583.0,0.0,0,-1.4334086126481662,-48.45015563963445,1 quarto,1 cama
Casa das Marias,Casa de hóspedes ⋅ Belém,834.71,9181.810000000001,0.0,0,-1.4688,-48.4783,1 quarto,1 cama
Angelim,Apartamento ⋅ Marambaia,705.23,7757.530000000001,5.0,6,-1.40924,-48.44706,1 quarto,1 cama de casal
Apartamento duplex em Belém,Apartamento ⋅ Belém,2254.12,24795.32,0.0,0,-1.4593263528515066,-48.47762054410259,1 quarto,2 camas
Apartamento em Belém - Village 16.105,Loft ⋅ Belém,570.59,6276.490000000001,0.0,0,-1.4643428962833778,-48.44851337982944,1 quarto,1 cama de casal
"COP 30 a 7,5km - Quarto (n.1) próximo à UFPA",Quarto em São Brás,1014.35,11157.85,5.0,14,-1.4565,-48.4658,1 cama de casal,
lindo apto em bairro nobre,Apartamento ⋅ Nazaré,2211.77,24329.47,0.0,0,-1.4554,-48.4813,2 quartos,2 camas
201 Flat  Novinho,Apartamento ⋅ Marco,2245.88,24704.68,4.95,96,-1.44251,-48.46884,1 quarto,2 camas
Flat completo à 17 minutos da COP30,Apartamento ⋅ Batista Campos,5723.52,62958.72,5.0,4,-1.4556,-48.4874,2 quartos,2 camas de casal
Apartamento completo no centro de Belém do Pará,Apartamento ⋅ Belém,1317.7,14494.7,0.0,0,-1.4171,-48.4774,2 quartos,5 camas de solteiro
Apartamento Luxuoso com 4 Suítes. COP-30,Apartamento ⋅ Batista Campos,2137.4,23511.4,0.0,0,-1.4619,-48.4924,4 quartos,5 camas
Studio próx. a Basílica em vila fechada,Apartamento ⋅ Nazaré,1599.28,17592.079999999998,5.0,18,-1.4535,-48.4823,1 quarto,1 cama
Apartamento COP 30 - No coração da Pedreira,Quarto compartilhado ⋅ Belém,814.39,8958.289999999999,0.0,0,-1.4283,-48.4801,2 quartos,3 camas
Apartamento Ilha de Andros COP30,Apartamento ⋅ Belém,2156.82,23725.02,0.0,0,-1.3911,-48.4707,2 quartos,2 camas
"Casa aconchegante Unidade 02, estilo cozinha americana.",Casa ⋅ Belém,1553.09,17083.989999999998,0.0,0,-1.4277,-48.4512,1 quarto,1 cama queen
Estúdio com 1 Quarto – Conforto para a COP 30,Apartamento ⋅ Fátima,2781.73,30599.03,0.0,0,-1.4442,-48.4732,1 quarto,1 cama de casal
Apto luxo completo em Belém. COP 30,Apartamento ⋅ Marco,6850.87,75359.56999999999,4.8,5,-1.4289,-48.4627,3 quartos,4 camas
2B | Loft confortável perto do aeroporto,Loft ⋅ Val-de-Cães,608.61,6694.71,0.0,0,-1.3969969271203464,-48.47407696860444,1 quarto,1 cama de casal
Refúgio Lili- Conforto e Privacidade- 4 km Hangar,Apartamento ⋅ Belém,2056.97,22626.67,5.0,8,-1.447177189041995,-48.47093659233307,1 quarto,1 cama de casal
COP 30 - Charmoso Apartamento Próximo ao Evento.,Apartamento ⋅ Belém,1746.0,19206.0,0.0,0,-1.4209,-48.46338,1 quarto,1 cama
AP COP 30 Belém,Apartamento ⋅ Belém,798.82,8787.02,0.0,0,-1.460127360707,-48.500194384629104,1 quarto,1 cama
"Apartamento para 4 pessoas, próximo à COP-30",Apartamento ⋅ Belém,1224.85,13473.349999999999,0.0,0,-1.42653,-48.46927,1 quarto,1 cama
❤ MODERNO EM LOCAL ESTRATÉGICO ❤,Apartamento ⋅ Marco,6215.99,68375.89,4.96,132,-1.4377,-48.4581,2 quartos,5 camas
COP 30 - FLAT DE LUXO Mobiliado_UniqueStudio,Apartamento ⋅ Nossa Senhora de Fátima,2054.12,22595.32,5.0,25,-1.44784,-48.47252,1 quarto,2 camas queen
"Apto moderno em Belém: Círio, Cop 30 ou lazer!",Apartamento ⋅ Belém,2645.39,29099.289999999997,0.0,0,-1.4571,-48.4773,1 quarto,1 cama
Casa ampla e confortável para a COP30.,Casa ⋅ Belém,509.72,5606.92,0.0,0,-1.4119209658053875,-48.46810392018239,4 quartos,15 camas
Apartamento Marajoara-Marambaia,Apartamento ⋅ Belém,793.88,8732.68,4.86,7,-1.39817,-48.44819,1 quarto,1 cama
Refúgio Moderno na Campina,Apartamento ⋅ Belém,4341.46,47756.06,5.0,5,-1.45465,-48.49638,2 quartos,3 camas
Alta Vista Suíte Premium Ar condicionado,Quarto em Belém,1114.03,12254.33,4.9,20,-1.4644,-48.4903,3 camas,
Casa.cop 30,Casa ⋅ Belém,255.57,2811.27,0.0,0,-1.4105,-48.4759,1 quarto,3 camas
Suíte Espaçosa Ar condicionado,Quarto em Belém,1249.71,13746.810000000001,4.96,23,-1.4495,-48.4809,1 cama,
Ap nas alturas Cop30,Apartamento ⋅ Belém,2927.12,32198.32,4.7,20,-1.4578,-48.4826,2 quartos,2 camas
Quarto com excelente localização,Quarto em Belém,1678.78,18466.579999999998,4.93,80,-1.3969,-48.4746,1 cama,
Promoção COP30 - Apto padrão hotelaria c/ garagem,Apartamento ⋅ Belém,4523.8,49761.8,5.0,13,-1.4372,-48.474,2 quartos,6 camas
Venha ter uma experiência amazônica.,Pousada ⋅ Belém,335.7,3692.7,0.0,0,-1.5002615918328497,-48.45450061780701,3 quartos,10 camas
Casa mobiliada perto da Rodoviária Marco,Casa ⋅ Belém,2003.29,22036.19,0.0,0,-1.44615,-48.4568,2 quartos,2 camas
Suíte Marajó,Quarto em Belém,1735.45,19089.95,5.0,5,-1.39541,-48.45021,1 cama,
Apartamento em Belém - Village 16.103,Loft ⋅ Belém,1081.01,11891.11,0.0,0,-1.4656539123409025,-48.448027356049465,1 quarto,1 cama
Apto. Térreo Marco/COP30/ Cama king size.,Apartamento ⋅ Belém,2551.77,28069.47,4.89,9,-1.4342,-48.4663,1 quarto,2 camas
"""COP 30 - Triplex perto da UFPA""",Casa ⋅ Belém,2080.47,22885.17,0.0,0,-1.46541,-48.46779,2 quartos,2 camas king
Royal Master Duplex Umarizal*,Apartamento ⋅ Belém,3415.84,37574.240000000005,4.87,45,-1.44672,-48.48572,1 quarto,1 cama queen
Casa em condomínio COP30,Casa ⋅ Belém,5705.89,62764.79,0.0,0,-1.4718,-48.4566,3 quartos,4 camas
Apartamento Ed. Vogue Residência Cop 30 Belém,Apartamento ⋅ Belém,2684.77,29532.47,0.0,0,-1.4421,-48.481,2 quartos,4 camas
104 Apto 2 qtos Conforto e privacidade,Apartamento ⋅ Belém,2717.41,29891.51,4.84,45,-1.44279,-48.46896,2 quartos,3 camas
AP 07 Marambaia,Apartamento ⋅ Belém,1068.56,11754.16,0.0,0,-1.40816,-48.45489,1 quarto,4 camas
Bayview Luxury Umarizal,Apartamento ⋅ Belém,3415.84,37574.240000000005,4.8,40,-1.4412795608177893,-48.49219026836522,1 quarto,1 cama queen
"COP30: Maré Cheia, Ilha do Combú - 6 pessoas",Casa ⋅ Belém,2567.65,28244.15,0.0,0,-1.498526847642828,-48.45309018394548,2 quartos,5 camas
Suíte em Cobertura Duplex a 8min do Hangar3,Lugar para ficar em Belém,833.59,9169.49,0.0,0,-1.4404,-48.4655,1 quarto,1 cama
Quarto  com ar condicionado Vista Rio,Quarto em Belém,1012.35,11135.85,5.0,7,-1.4654,-48.4893,1 cama,
Apartamento Cop 30,Apartamento ⋅ Belém,3338.82,36727.020000000004,0.0,0,-1.4242,-48.4649,2 quartos,2 camas
Studio moderno em Belém,Loft ⋅ Belém,2618.85,28807.35,4.75,16,-1.4469,-48.4702,1 quarto,1 cama de casal
Apto 2 quartos,Apartamento ⋅ Belém,1540.59,16946.489999999998,4.67,3,-1.4577,-48.4968,2 quartos,2 camas de casal
Loft/kit estilo industrial encantador c/garagem pv,Loft ⋅ Pedreira,1205.2,13257.2,4.87,68,-1.4281,-48.476,1 quarto,3 camas
Horizonte ao pôr do sol,Apartamento ⋅ Belém,3412.73,37540.03,4.91,23,-1.4460231998823845,-48.47100640119711,1 quarto,1 cama de casal
Casa em Belém 06,Casa ⋅ Belém,6847.06,75317.66,0.0,0,-1.4289,-48.4886,2 quartos,2 camas
Rosas Estúdio- Batista Campos •Wi-Fi rápido •COP30,Apartamento ⋅ Belém,2396.47,26361.17,0.0,0,-1.46391,-48.48784,1 quarto,1 cama
"FLAT ENCANTADOR, NO LOCAL MAIS NOBRE DE BELÉM.",Condomínio ⋅ Umarizal,2898.59,31884.49,4.85,53,-1.43989,-48.49106,1 quarto,1 cama queen
"apê mandarim belém, 11º andar-wifi-garagem-piscina",Apartamento ⋅ Belém,5278.64,58065.04,4.96,28,-1.43956,-48.49032,1 quarto,1 cama de casal
COP30 Apto 700 m Hangar,Apartamento ⋅ Belém,1518.18,16699.98,5.0,3,-1.426,-48.4561,1 quarto,2 camas de solteiro
Casa com 3 quartos no centro,Casa ⋅ Belém,2808.19,30890.09,0.0,0,-1.44809,-48.47036,3 quartos,4 camas
Apartamento Maravilhoso COP30,Apartamento ⋅ Belém,5648.83,62137.13,0.0,0,-1.4405218903284462,-48.46875010364614,2 quartos,2 camas queen
Conforto COP30: Casa em Condomínio de Alto Padrão,Casa ⋅ Belém,5686.53,62551.829999999994,0.0,0,-1.4718,-48.4566,3 quartos,5 camas
Apto/Flat na Pedreira com sacada/COP30/próx hangar,Apartamento ⋅ Belém,3174.55,34920.05,4.7,10,-1.4254,-48.4731,1 quarto,5 camas
Círio COP30 - FLAT 03 - Bem Localizado - Nazaré,Apartamento ⋅ Belém,1824.96,20074.56,0.0,0,-1.4483,-48.4808,1 quarto,1 cama de casal
Aconchegante Apartamento térreo Cidade Velha-Belém,Microcasa ⋅ Velha,1711.77,18829.47,4.98,62,-1.46146,-48.50008,1 quarto,1 cama de casal
#2 Sofisticado Estúdio na Boaventura Da Silva,Loft ⋅ Belém,5030.0,55330.0,4.91,126,-1.4467,-48.4701,1 quarto,2 camas
101 Flat novinho. Bom gosto e qualidade,Condomínio ⋅ Belém,1093.45,12027.95,4.71,111,-1.44373,-48.46885,1 quarto,1 cama de casal
Apartamento Belém - COP30,Apartamento ⋅ Belém,5290.91,58200.009999999995,0.0,0,-1.46443,-48.48938,3 quartos,3 camas
Apartamento bem localizado COP30,Apartamento ⋅ Belém,2852.94,31382.34,0.0,0,-1.4251477128055172,-48.46586110463232,3 quartos,3 camas
CasaBené-Ilha do Combu-Amazonia,Casa ⋅ Belém,3410.23,37512.53,4.67,6,-1.5028,-48.4892,2 quartos,3 camas
Apartamento em Belém do Pará - Umarizal,Apartamento ⋅ Belém,4020.06,44220.659999999996,5.0,10,-1.4338922792156443,-48.487573994885174,2 quartos,3 camas
Conforto e aconchego  em Belém!,Casa ⋅ Belém,6624.69,72871.59,0.0,0,-1.462,-48.4725,3 quartos,5 camas
Charme e Conforto no Reduto,Apartamento ⋅ Belém,5135.35,56488.850000000006,0.0,0,-1.45074,-48.49011,4 quartos,6 camas
Casa Paraíso dos Pássaros,Casa ⋅ Belém,1501.17,16512.870000000003,0.0,0,-1.39969,-48.47351,3 quartos,3 camas
Apto na rua da basilica em vila,Apartamento ⋅ Belém,1712.55,18838.05,4.92,12,-1.4532,-48.4823,1 quarto,2 camas
COP 30 -  Fique no Centro e Conheça Belém!,Apartamento ⋅ Belém,2054.12,22595.32,4.96,46,-1.4542,-48.4944,1 quarto,3 camas
Loft de 2 Andares na Doca,Apartamento ⋅ Belém,3778.81,41566.909999999996,0.0,0,-1.4477,-48.4848,1 quarto,3 camas
Círio COP30 - FLAT 02 - Bem Localizado - Nazaré,Apartamento ⋅ Belém,1824.96,20074.56,5.0,6,-1.4471,-48.4806,1 quarto,1 cama de casal
Apartamento Studio Belém,Apartamento ⋅ Umarizal,2402.91,26432.01,5.0,19,-1.4401,-48.4916,1 quarto,1 cama
Apartamento em Belém,Apartamento ⋅ Jurunas,1127.06,12397.66,0.0,0,-1.475790496178425,-48.485067691360264,2 quartos,2 camas
casa no portal da Amazônia,Casa ⋅ Jurunas,860.86,9469.460000000001,0.0,0,-1.47331,-48.49851,4 quartos,4 camas
Apartamento de alto padrão em bairro nobre/COP30,Apartamento ⋅ Nazaré,4451.77,48969.47,0.0,0,-1.4555,-48.4832,3 quartos,3 camas
Excelente casa grande e segura para COP e Círio,Casa na terra ⋅ Belém,5211.1,57322.100000000006,0.0,0,-1.4336,-48.4467,4 quartos,4 camas
Apto 2Q + 1 Vaga | Frente ao Shop Pátio Belém,Apartamento ⋅ Batista Campos,2357.6,25933.6,0.0,0,-1.4593,-48.4952,2 quartos,3 camas
Apartamento,Apartamento ⋅ Belém,723.41,7957.509999999999,0.0,0,-1.3849535087902238,-48.45796088363856,1 quarto,2 camas
COP 30 apartamento grande estilo,Apartamento ⋅ Belém,4410.0,48510.0,0.0,0,-1.4617,-48.4873,4 quartos,4 camas
Cop30 Grão Para - Melhor acomodação,Apartamento ⋅ Belém,3363.11,36994.21,0.0,0,-1.3908,-48.4691,2 quartos,2 camas
"Casa confortável para alugar, cop 30",Casa ⋅ Guamá,592.83,6521.13,0.0,0,-1.46358,-48.47001,1 quarto,2 camas
Casa em condomínio para COP-30,Casa ⋅ Guamá,3541.7,38958.7,0.0,0,-1.4730489970843137,-48.45532672929318,4 quartos,6 camas
Fique a 7 minutos da Cop30,Apartamento ⋅ Belém,3423.53,37658.83,0.0,0,-1.4226,-48.4665,3 quartos,5 camas
"alugo apto para círio,Cop30,passeio ou a trabalho.",Apartamento ⋅ Belém,680.47,7485.17,0.0,0,-1.3744,-48.4619,2 quartos,2 camas
Cop30 02 qtos na Duque prox Hangar,Casa ⋅ Marco,616.24,6778.64,0.0,0,-1.43153,-48.46144,2 quartos,2 camas
Sua casa e escritório longe de casa: COP 30/Brasil,Apartamento ⋅ Belém,2855.02,31405.22,5.0,3,-1.4409,-48.4662,2 quartos,2 camas de solteiro
Casa mobiliada próximo ao Hangar,Casa ⋅ Belém,2362.24,25984.64,0.0,0,-1.42512,-48.4474,3 quartos,3 camas de casal
"Cop30 — Quarto ""Mangal""",Lugar para ficar em Belém,1351.09,14861.99,0.0,0,-1.432,-48.4592,1 quarto,1 cama de casal
Apartamento de 2 quartos no melhor bairro de Belém,Apartamento ⋅ Belém,1521.53,16736.829999999998,0.0,0,-1.4383,-48.4918,2 quartos,2 camas
Casa Próxima ao Hangar - capacidade p/ 10 hóspedes,Casa ⋅ Marco,3895.3,42848.3,0.0,0,-1.4268,-48.4578,3 quartos,10 camas
Cop30 A jóia da Batista Campos,Apartamento ⋅ Belém,6027.52,66302.72,0.0,0,-1.4615774819531122,-48.488551139963896,3 quartos,6 camas
Apto aconchegante COP30 - 2km do evento,Apartamento ⋅ Belém,2640.27,29042.97,0.0,0,-1.4394,-48.4626,2 quartos,3 camas
Círio Belém e COP 30,Casa ⋅ Telégrafo,2821.18,31032.98,0.0,0,-1.42768,-48.48367,3 quartos,3 camas
Casa cop 30,Casa ⋅ Cremação,1125.42,12379.62,0.0,0,-1.4647,-48.4765,2 quartos,4 camas
Apartamento em Belém  COP30,Apartamento ⋅ Batista Campos,2041.41,22455.510000000002,0.0,0,-1.45446,-48.4931,2 quartos,2 camas de casal
Apartamento Ipê do Bosque,Apartamento ⋅ Marco,1472.12,16193.32,0.0,0,-1.4334,-48.4559,2 quartos,2 camas
Apartamento COP30,Apartamento ⋅ Umarizal,5032.59,55358.490000000005,0.0,0,-1.4441219873783089,-48.47830340263084,3 quartos,5 camas
Prático Apto! Ótima localização.,Apartamento ⋅ Telégrafo,529.61,5825.71,4.67,6,-1.4264,-48.48958,1 quarto,1 cama
Casa Familiar COP 30 (02 Minutos da convenção),Casa ⋅ Marco,612.42,6736.62,0.0,0,-1.430230316744309,-48.461307831772494,2 quartos,2 camas
Apart prox aos locais COP30.,Apartamento ⋅ Belém,7513.64,82650.04000000001,5.0,5,-1.4174970604309425,-48.46257657042572,3 quartos,3 camas
"Apt incrível, localização também",Apartamento ⋅ Belém,1942.52,21367.72,0.0,0,-1.4287,-48.4515,3 quartos,3 camas
Quarto aconchegante com ótima localização!,Lugar para ficar em Belém,460.74,5068.14,0.0,0,-1.4180540272210949,-48.47722585927694,1 quarto,1 cama
Casa térrea próximo a área do evento da Cop-30.,Casa ⋅ Belém,3467.85,38146.35,0.0,0,-1.4149,-48.4659,3 quartos,4 camas
Casa Círio e Cop 30,Casa ⋅ Belém,862.92,9492.119999999999,0.0,0,-1.3807,-48.4484,1 quarto,1 cama
Casa em Belém - Localização Privilegiada COP30,Casa ⋅ Belém,1837.27,20209.97,5.0,3,-1.4206,-48.4675,2 quartos,5 camas
Casa altos completa cop 30,Casa ⋅ Belém,2274.61,25020.710000000003,0.0,0,-1.40246,-48.48477,3 quartos,3 camas
Ekoara te espera ! Faça sua reserva agora!,Apartamento ⋅ Belém,4829.25,53121.75,0.0,0,-1.4328,-48.4546,3 quartos,4 camas
Imóvel Acolhedor localizado em Condomínio Fechado,Casa ⋅ Belém,2069.68,22766.48,0.0,0,-1.4199,-48.4481,2 quartos,3 camas
Casa em Belém perto das Sedes COP30,Casa ⋅ Belém,1446.82,15915.019999999999,0.0,0,-1.4387,-48.4746,2 quartos,2 camas
Casa aconchegante a 5 min do Aeroporto para COP30,Lugar para ficar em Belém,1344.27,14786.97,0.0,0,-1.4011,-48.4915,1 quarto,2 camas de solteiro
Casa para COP30 — de 10 a 21 de novembro,Casa ⋅ Belém,2697.33,29670.629999999997,0.0,0,-1.41464,-48.46304,3 quartos,3 camas
Casa - Belém - COP 30 - BRL,Quarto compartilhado ⋅ Belém,8085.76,88943.36,0.0,0,-1.4556,-48.4521,1 quarto,7 camas
Casa agradável e aconchegante na Terra-Firme,Casa ⋅ Belém,1690.59,18596.489999999998,0.0,0,-1.45558,-48.45219,1 quarto,3 camas
Amplo apartamento para a sua estádia.,Apartamento ⋅ Belém,6276.47,69041.17,0.0,0,-1.4538,-48.4725,3 quartos,7 camas
Hospedagem COP 30 em Batista Campos!,Apartamento ⋅ Belém,8216.47,90381.17,0.0,0,-1.4647,-48.4889,4 quartos,4 camas
"COP30 em 4,4km - Casa em frente  a UFRA",Casa ⋅ Belém,1391.18,15302.980000000001,0.0,0,-1.454,-48.4466,2 quartos,3 camas
Casa 2 pavimentos para COP30,Casa ⋅ Belém,2852.94,31382.34,0.0,0,-1.3983,-48.482,5 quartos,5 camas
COP30 casa espaçosa! Em frente ao Rio,Casa ⋅ Belém,1334.77,14682.47,0.0,0,-1.4276,-48.4921,2 quartos,3 camas
COP 30 ao lado da Basílica de Nazaré,Condomínio ⋅ Nazaré,6864.7,75511.7,4.95,122,-1.45323,-48.4792,3 quartos,4 camas
Apartamento elegante no bairro do Marco,Apartamento ⋅ Belém,2182.06,24002.66,0.0,0,-1.4442,-48.4662,2 quartos,2 camas
Casa no coração de Belém (perfeita p a COP30),Casa ⋅ Belém,2827.89,31106.789999999997,0.0,0,-1.4642261159880052,-48.50212207497045,2 quartos,2 camas
Apartamento em Belém (COP30),Apartamento ⋅ Belém,3055.24,33607.64,0.0,0,-1.4033587967643095,-48.450107405069176,2 quartos,2 camas
Apartamento de luxo no edifício mais alto,Apartamento ⋅ Belém,9210.33,101313.63,0.0,0,-1.4441443524835411,-48.49078095622568,3 quartos,6 camas
Condomínio Ekoara: conforto e segurança em Belém,Apartamento ⋅ Belém,5612.52,61737.72,0.0,0,-1.4328,-48.4546,3 quartos,3 camas
Apt 3/4/1° andar (s/garagem e elevador),Apartamento ⋅ Pedreira,1890.85,20799.35,0.0,0,-1.4327,-48.4814,3 quartos,4 camas
Estúdio 601. COP-30 Belém.,Apartamento ⋅ Belém,1452.41,15976.51,0.0,0,-1.4466,-48.4838,1 quarto,3 camas
Apartamento em Belém - 9 min do Hangar / COP 30,Apartamento ⋅ Pedreira,3023.08,33253.88,0.0,0,-1.4323,-48.4734,2 quartos,2 camas de casal
"Apartamento a 2 km do aeroporto, 5km onde é cop 30",Apartamento ⋅ Belém,6708.77,73796.47,0.0,0,-1.3913,-48.4695,3 quartos,5 camas
COP 30-Charmoso Apt°. Próximo ao local do evento.,Apartamento ⋅ Belém,3081.18,33892.979999999996,0.0,0,-1.45579,-48.47017,2 quartos,3 camas
Apto seguro - bairro Nazaré - com garagem,Apartamento ⋅ Nazaré,2203.62,24239.82,0.0,0,-1.4551,-48.4796,2 quartos,4 camas
Apto/Flat na Pedreira Cop30 105,Apartamento ⋅ Pedreira,3043.06,33473.659999999996,5.0,6,-1.4246344701325249,-48.474139880707085,1 quarto,5 camas
Acomodação mista 3,Quarto de hotel compartilhado ⋅ Belém,320.0,3520.0,0.0,0,-1.4526123982758217,-48.48757531866915,1 quarto,20 camas
Casa aconchegante Cop30,Casa ⋅ Belém,1132.08,12452.88,0.0,0,-1.4313036385622606,-48.44691229243505,1 quarto,1 cama
Edifício St. Etienne COP30,Apartamento ⋅ Belém,5114.76,56262.36,0.0,0,-1.4309,-48.4597,2 quartos,4 camas
Quarto em localização ideal,Quarto em Jurunas,800.0,8800.0,5.0,7,-1.4678250887705733,-48.48771334152697,1 cama,
Apto. Cop30 Paris,Apartamento ⋅ Marco,2975.61,32731.710000000003,0.0,0,-1.42581,-48.46453,2 quartos,3 camas
Apartamento em Belém,Apartamento ⋅ Batista Campos,6162.36,67785.95999999999,0.0,0,-1.4614,-48.4907,3 quartos,4 camas
"Lindo Apart. de 2/4 com suíte, Período Cop 30",Apartamento ⋅ Belém,3074.78,33822.58,0.0,0,-1.4592,-48.4754,2 quartos,3 camas
Apartamento para COP 30,Apartamento ⋅ Belém,2510.59,27616.49,0.0,0,-1.4152191569016996,-48.47317384334776,2 quartos,2 camas
Edifício Porto de Dover ap-1305,Apartamento ⋅ Pedreira,6500.0,71500.0,0.0,0,-1.4283,-48.4668,2 quartos,2 camas
Excelente apartamento para COP30,Apartamento ⋅ Marco,8216.47,90381.17,0.0,0,-1.43304,-48.45588,4 quartos,4 camas
Apartamento Flat Cop30 303,Apartamento ⋅ Pedreira,3594.71,39541.81,4.82,11,-1.425110687397056,-48.47400093331653,5 camas,
"Viva a COP em aconchegante apto, a 2km do Hangar!",Apartamento ⋅ Pedreira,3255.35,35808.85,0.0,0,-1.4338,-48.4738,2 quartos,3 camas
"Apartamento Premium COP 30, Bairro nobre de belém",Apartamento ⋅ Umarizal,6086.12,66947.31999999999,0.0,0,-1.440322299330306,-48.48915761485884,3 quartos,3 camas
Alto Padrão próximo ao Hangar para a COP 30,Apartamento ⋅ Belém,5031.82,55350.02,0.0,0,-1.4293,-48.4627,2 quartos,2 camas queen
COP 30 - Apartamento Completo,Apartamento ⋅ Pedreira,3969.41,43663.509999999995,0.0,0,-1.43675,-48.47258,3 quartos,3 camas
Ap requintado perto do aeroporto,Apartamento ⋅ Marambaia,1926.38,21190.18,4.72,43,-1.403,-48.4536,1 quarto,1 cama
Apartamento Exclusivo COP 30,Apartamento ⋅ Batista Campos,4569.9,50268.899999999994,0.0,0,-1.4614,-48.4894,3 quartos,6 camas
106 Apto 2Qts Moderno e Atual,Apartamento ⋅ Belém,3476.75,38244.25,0.0,0,-1.4433,-48.4693,2 quartos,2 camas
Alugo excelente apartamento no bairro do Guamá,Apartamento ⋅ Belém,1153.41,12687.51,0.0,0,-1.47262,-48.45512,3 quartos,3 camas
Pérola da COP 30,Apartamento ⋅ Belém,5705.89,62764.79,0.0,0,-1.4439,-48.4854,4 quartos,4 camas
COP 30- Próximo aos pontos turísticos,Casa ⋅ Belém,924.35,10167.85,0.0,0,-1.46983,-48.49682,2 quartos,2 camas
Suíte 3 em frente o hangar próximo o aeroporto,Quarto em Marco,2285.05,25135.550000000003,4.58,84,-1.42335,-48.4576,1 cama de casal,
Próximo dos principais eventos da cop30 em Belém,Apartamento ⋅ Belém,1809.7,19906.7,0.0,0,-1.424519622912367,-48.46694387120409,1 quarto,1 cama
305 2Qtos 15 min Centro,Apartamento ⋅ Marco,2252.75,24780.25,4.68,22,-1.44381,-48.4699,2 quartos,3 camas
Hospedagem cop30 em Belém apartamentos de 2 suítes,Apartamento ⋅ Umarizal,4564.71,50211.81,0.0,0,-1.44406,-48.48747,2 quartos,2 camas
Excelente acomodação no Centro da Cidade,Apartamento ⋅ Jurunas,2047.64,22524.04,5.0,3,-1.468,-48.4954,1 quarto,2 camas
Apartamento no Coração da COP 30 Belém,Apartamento ⋅ Nazaré,3879.11,42670.21,0.0,0,-1.4486,-48.4788,2 quartos,3 camas
"Casa p/ 12 pessoas, 03 km da COP",Casa ⋅ Marco,2234.34,24577.74,0.0,0,-1.4425,-48.4509,4 quartos,6 camas
Belém cop 30,Apartamento ⋅ Nazaré,5071.77,55789.47,0.0,0,-1.4494,-48.4811,2 quartos,2 camas
Explore Belém com praticidade e aconchego- COP 30,Apartamento ⋅ Belém,2030.06,22330.66,0.0,0,-1.4644,-48.4978,2 quartos,3 camas
"Loft de luxo na COP, menos de 2km do evento",Apartamento ⋅ Belém,5655.79,62213.69,0.0,0,-1.4315,-48.4618,1 quarto,2 camas
"Apto completo COP30 
1.5km Aeroporto
3.5km Hangar",Apartamento ⋅ Belém,3423.53,37658.83,0.0,0,-1.3909,-48.4695,2 quartos,2 camas
COP 30 - Edif Foz do Iguaçu - Lindo apto,Apartamento ⋅ Marco,5650.86,62159.46,5.0,6,-1.438,-48.4703,2 quartos,2 camas
"Aparto 3/4 com suíte a 5'(1,6KM)do Hangar COP30.",Apartamento ⋅ Pedreira,1123.32,12356.519999999999,0.0,0,-1.4206,-48.4666,3 quartos,3 camas
Apartamento em Belém-PA | Estadia COP30,Apartamento ⋅ Jurunas,3902.83,42931.13,0.0,0,-1.467992387085027,-48.491958753165704,1 quarto,1 cama
"Studio- Centro de Belém
Apartamento 100% Mobiliado",Apartamento ⋅ São Brás,1456.06,16016.66,0.0,0,-1.4466,-48.4704,1 quarto,1 cama de casal
Apartamento amplo e confortável para Cop 30,Apartamento ⋅ Belém,5110.93,56220.23,0.0,0,-1.4334,-48.4599,3 quartos,4 camas
"COP 30 Apartamento novo,  muito bem localizado",Apartamento ⋅ Belém,4094.23,45036.53,0.0,0,-1.3891,-48.469,3 quartos,3 camas
Apartamento Conforto COP30,Apartamento ⋅ Batista Campos,10016.47,110181.17,0.0,0,-1.4590401920933735,-48.49596051612036,3 quartos,4 camas
COP 30 Apto proximo ao evento,Apartamento ⋅ Pedreira,3271.62,35987.82,0.0,0,-1.4316443827087852,-48.471056685483155,2 quartos,3 camas
Seu Lar para COP 30,Apartamento ⋅ Umarizal,7816.53,85981.83,0.0,0,-1.4459162087491717,-48.48518549930971,2 quartos,2 camas
Apartamento completo COP30,Apartamento ⋅ Belém,3101.93,34121.229999999996,0.0,0,-1.466646250291291,-48.49256728280025,3 quartos,3 camas
aluga-se apartamento para Cop 30,Apartamento ⋅ Batista Campos,2704.94,29754.34,0.0,0,-1.4648,-48.4876,1 quarto,2 camas
Aconchegante Apartamento Cidade Velha,Apartamento ⋅ Velha,5330.36,58633.96,4.87,120,-1.4624,-48.5004,2 quartos,4 camas
Aluguel para a Cop30 - apt de 2 quartos,Apartamento ⋅ Marco,3994.12,43935.32,0.0,0,-1.4324596559976848,-48.462863341559405,2 quartos,3 camas
